Country (or dependent territory),1970,1971,1972,1973,1974,1975,1976,1977,1978,1979,1980,1981,1982,1983,1984,1985,1986,1987,1988,1989,1990,1991,1992,1993,1994,1995,1996,1997,1998,1999,2000,2001,2002,2003,2004,2005,2006,2007,2008,2009,2010,2011,2012,2013,2014,2015,2016,2017,2018,2019,2020,2021,2022,2023,2024
Afghanistan,"1,749","1,831","1,596","1,733","2,156","2,367","2,556","2,953","3,300","3,698",,,,,,,,,,,,,,,,,,,,,,,"4,367","4,514","5,146","6,167","6,925","8,556","10,297","12,066","15,325","17,890","20,296","20,170","20,352","19,687","19,454","20,235","19,585","19,990","20,682","21,928","23,577","25,450","27,608"
Albania,"2,266","2,331","2,398","2,467","2,537","2,610","2,686","2,761","2,842","2,372","1,946","2,229","2,296","2,319","2,290","2,339","2,587","2,566","2,530","2,779","2,221","1,333",843,"1,461","2,361","2,882","3,200","2,259","2,560","3,209","3,483","3,928","4,348","5,611","7,185","8,052","8,905","10,675","12,901","12,093","11,938","12,896","12,323","12,784","13,238","11,393","11,865","13,055","15,202","15,960","17,210","18,602","20,199","21,790","23,472"
Algeria,"5,167","5,376","7,193","9,250","13,290","15,591","17,790","21,038","26,433","33,276","42,346","44,372","44,780","47,529","51,513","61,132","61,535","63,300","51,664","52,558","61,892","46,670","49,217","50,963","42,426","42,066","46,941","48,178","48,188","48,845","54,749","54,745","56,761","67,864","85,327","103,198","117,027","134,977","171,001","137,054","161,207","199,394","209,005","209,703","213,518","164,779","159,049","167,555","180,441","183,687","193,056","199,917","208,589","216,389","204,536"
Andorra,99,113,144,191,236,279,288,321,390,521,,,,,,,,,,,,,,,,,,,,,,,,,,,,,,,,,,,,,,,,,,,,,
Angola,"3,807","4,007","4,102","5,016","5,627","4,147","3,981","4,344","4,845","5,380","5,934","5,554","5,554","5,788","6,135","7,559","7,077","8,089","8,775","10,208","11,236","10,891","8,398","6,095","4,438","5,539","6,535","7,675","6,506","6,153","9,130","8,936","12,497","14,189","19,641","28,234","41,789","60,449","84,178","75,492","82,471","104,116","115,342","124,912","126,777","102,962","95,337","122,124","107,316","92,191","96,426","100,359","104,698","110,351","116,848"
Anguilla,4,5,5,6,7,7,7,8,9,11,,,,,,,,,,,,,,,,,,,,,,,,,,,,,,,,,,,,,,,,,,,,,
Antigua and Barbuda,34,41,56,78,84,85,71,81,92,113,131,148,164,182,208,241,290,337,399,439,459,482,499,535,589,577,634,681,728,766,825,796,810,850,912,"1,013","1,147","1,299","1,358","1,216","1,146","1,140","1,214","1,194","1,273","1,353","1,460","1,516","1,626","1,717","1,809","1,891","1,968","2,047","2,130"
Argentina,"33,985","40,655","37,908","41,468","47,637","51,741","54,575","61,662","63,865","73,987","226,569","184,014","91,376","112,721","126,563","95,593","114,949","117,854","138,044","88,567","153,205","205,515","247,987","256,365","279,150","280,080","295,120","317,549","324,242","307,673","308,491","291,738","108,731","138,151","164,922","199,273","232,892","287,920","363,545","334,633","424,728","527,644","579,666","611,471","563,614","631,621","554,107","642,928","518,092","477,743","515,353","560,869","604,538","648,848","673,118"
Armenia,,,,,,,,,,,,,,,,,,,,,,,108,835,648,"1,287","1,597","1,639","1,892","1,845","1,912","2,118","2,376","2,807","3,577","4,900","6,384","9,206","11,662","8,648","9,260","10,142","10,619","11,121","11,610","10,529","10,572","11,537","12,411","13,105","13,868","14,588","15,367","16,199","17,081"
Aruba,177,186,196,206,217,229,241,254,268,282,,,,,,,,,,,,,,,,,,,,,,,,,,,,,,,,,,,,,,"2,700","2,833","2,875","2,952","3,048","3,149","3,255","3,364"
Australia,"45,121","50,360","59,269","85,621","102,047","108,853","117,298","116,222","135,608","150,133","163,085","188,596","187,233","179,654","197,330","174,556","181,656","213,309","271,398","308,276","323,921","324,597","318,146","309,639","353,222","379,770","425,593","426,674","381,088","411,828","399,297","376,908","424,521","540,428","657,442","734,786","781,934","949,164","1,057,171","997,169","1,249,703","1,504,236","1,561,052","1,509,639","1,449,336","1,229,938","1,264,944","1,386,357","1,418,275","1,417,003","1,481,461","1,550,575","1,630,072","1,716,124","1,800,983"
Austria,"15,336","17,816","22,007","29,444","35,104","39,962","42,856","51,423","61,901","73,763","80,743","69,965","69,954","70,874","66,857","68,470","97,157","121,499","133,293","132,965","166,493","174,045","195,069","189,958","203,514","240,747","236,828","212,610","217,994","217,010","196,998","197,123","213,725","261,220","300,264","315,188","334,603","386,995","429,638","398,602","390,940","429,431","407,677","428,382","439,073","377,157","390,961","417,672","457,637","459,589","481,678","502,028","523,123","544,344","567,014"
Azerbaijan,,,,,,,,,,,,,,,,,,,,,,,"1,193","1,309","2,258","2,417","3,177","3,963","4,280","4,581","5,273","5,475","6,232","7,276","8,682","13,273","21,027","33,090","46,378","44,289","52,913","64,819","68,700","73,557","75,194","50,818","37,810","41,256","45,418","45,248","47,429","49,129","50,795","52,806","55,098"
Bahamas,568,605,624,708,756,892,971,"1,162","1,336","1,579","2,598","2,692","3,031","3,373","3,603","3,923","4,241","4,669","4,855","5,473","5,218","5,128","5,125","5,097","5,372","5,653","5,950","6,332","6,833","7,684","8,076","8,318","8,881","8,870","9,055","9,836","10,167","10,618","10,526","9,982","10,096","10,070","10,720","10,677","10,844","11,240","11,262","12,162","12,803","13,262","13,710","14,231","14,785","15,346","15,910"
Bahrain,422,455,576,820,"1,123","1,185","1,705","2,144","2,449","2,920","3,593","4,056","4,264","4,368","4,534","4,278","3,347","3,626","4,481","4,675","4,964","5,207","5,441","5,985","6,410","6,785","7,055","7,316","6,994","7,581","9,061","9,187","9,591","11,072","13,147","15,965","18,501","21,725","25,705","22,933","25,708","28,770","30,743","32,532","33,381","31,119","32,176","35,433","38,291","38,952","40,707","42,510","44,237","46,195","48,389"
Bangladesh,"6,196","5,578","6,215","6,772","8,088","8,476","9,447","9,950","12,751","14,758","22,632","22,057","20,197","21,165","24,064","24,756","25,954","28,633","30,904","34,046","35,383","36,468","36,476","38,234","41,538","45,921","48,168","50,340","51,928","53,984","54,586","54,755","57,500","63,204","68,593","70,921","75,770","85,604","97,062","108,896","122,039","131,079","141,705","161,297","183,966","208,695","235,623","262,077","287,630","314,656","348,279","374,653","408,897","446,270","487,059"
Barbados,216,243,278,339,405,476,517,588,658,798,"1,018","1,120","1,171","1,243","1,355","1,418","1,557","1,714","1,823","2,018","2,024","2,032","1,957","2,075","2,163","2,275","2,425","2,564","2,891","3,029","3,122","3,117","3,170","3,275","3,514","3,897","4,303","4,546","4,595","4,601","4,447","4,359","4,332","4,371","4,353","4,422","4,764","4,990","5,145","5,207","5,339","5,546","5,780","6,024","6,278"
Belarus,,,,,,,,,,,,,,,,,,,,,,,"12,806","11,414","15,113","10,529","14,433","14,008","15,141","12,100","13,284","12,870","15,186","18,543","23,986","31,318","38,318","46,937","62,967","50,994","57,220","61,368","65,669","75,496","78,736","56,329","47,703","54,723","59,643","60,951","63,664","66,991","70,147","73,471","76,203"
Belgium,"26,850","29,982","37,409","47,999","56,334","66,028","71,495","83,282","101,793","116,940","124,137","102,813","90,462","85,500","81,690","84,950","117,799","146,215","158,968","160,706","201,235","206,535","230,030","219,932","239,931","289,904","281,467","255,170","260,971","260,544","238,603","238,046","259,777","319,613","371,388","388,029","410,173","472,475","521,084","485,781","484,450","527,491","498,160","520,254","532,607","455,219","468,148","495,757","533,153","531,813","553,781","574,690","597,704","620,586","645,647"
Belize,25,32,42,68,90,104,82,106,121,141,172,179,179,189,211,209,228,267,315,363,412,445,518,560,581,620,641,654,689,732,832,872,933,990,"1,058","1,114","1,217","1,291","1,370","1,339","1,398","1,487","1,574","1,614","1,707","1,743","1,820","1,863","1,925","1,997","2,071","2,150","2,230","2,314","2,353"
Benin,322,342,421,516,554,674,718,786,954,"1,162","1,685","1,140","1,128",999,"1,065","1,111","1,419","1,660","1,728","1,596","1,960","1,987","2,246","2,274","1,598","2,169","2,361","2,268","2,455","2,690","2,577","2,682","3,065","3,913","4,527","4,812","5,147","5,977","7,166","7,116","6,983","7,821","8,157","9,160","9,723","8,295","8,576","9,265","10,456","11,184","12,129","13,157","14,269","15,479","16,816"
Bermuda,266,301,336,384,446,492,551,598,646,752,,,,,,,,,,,,,,,,,,,,,,,,,,,,,,,,,,,,,,,,,,,,,
Bhutan,62,66,70,79,93,87,88,98,94,105,127,137,144,156,161,167,189,229,262,261,281,244,238,249,253,296,311,348,382,401,436,455,504,575,670,762,858,"1,020","1,291","1,214","1,433","1,737","1,814","1,849","1,830","2,027","2,127","2,405","2,627","2,840","2,939","3,154","3,441","3,763","4,079"
Bolivia,"1,010","1,094","1,279","1,249","2,099","2,399","2,749","2,765","3,020","3,274","3,589","3,440","3,813","3,609","3,752","4,059","3,970","4,323","4,598","4,716","4,868","5,343","5,643","5,734","5,970","6,702","7,375","7,917","8,490","8,269","8,385","8,155","7,917","8,092","8,785","9,573","11,520","13,216","16,792","17,464","19,786","24,135","27,282","30,883","33,237","33,238","34,053","38,058","41,410","43,687","47,052","50,791","54,992","59,570","64,862"
Bosnia and Herzegovina,,,,,,,,,,,,,,,,,,,,,,,,,,,"3,584","4,578","5,281","5,766","5,554","5,784","6,711","8,477","10,157","10,935","12,460","15,323","18,712","17,601","17,164","18,629","17,207","18,155","18,522","16,251","16,917","18,169","19,881","20,152","21,343","22,563","23,945","25,431","27,042"
Botswana,67,88,115,169,236,274,297,383,456,595,"1,175","1,038","1,095","1,210","1,201","1,118","1,516","2,376","3,084","3,444","3,803","3,806","3,932","3,961","4,261","4,732","4,881","5,024","4,819","5,485","5,804","5,516","5,456","7,538","8,969","10,027","10,165","10,942","11,028","10,317","13,755","15,334","14,701","14,814","16,259","14,435","15,660","17,383","18,998","19,651","20,873","21,653","22,523","23,838","24,581"
Brazil,"35,214","39,332","50,624","71,673","91,888","108,051","127,741","148,672","168,803","186,095","152,154","174,864","186,950","149,893","149,168","236,798","274,694","298,989","334,013","458,527","475,119","416,596","399,082","447,832","558,374","786,479","850,800","883,534","864,017","599,438","655,454","559,982","509,798","558,232","669,290","891,633","1,107,628","1,397,114","1,695,855","1,669,204","2,208,704","2,614,027","2,464,053","2,471,718","2,456,054","1,801,482","1,793,066","2,053,208","1,868,184","1,960,190","2,062,504","2,156,496","2,255,582","2,359,526","2,468,216"
British Virgin Islands,20,17,18,20,24,27,29,30,35,43,,,,,,,,,,,,,,,,,,,,,,,,,,,,,,,,,,,,,,,,,,,,,
Brunei,225,248,340,544,"1,348","1,467","1,787","2,176","2,439","3,522",,,,,,"4,434","2,704","3,105","2,955","3,314","3,908","4,109","4,646","4,558","4,537","5,255","5,679","5,769","4,496","5,106","6,662","6,218","6,487","7,279","8,739","10,581","12,736","13,576","16,005","11,892","13,707","18,525","19,047","18,092","17,098","12,931","11,399","12,128","14,082","13,325","14,281","15,332","16,330","17,010","17,203"
Bulgaria,"9,000","8,897","10,407","12,409","13,495","11,908","12,625","12,908","13,982","9,408","24,974","26,937","28,094","28,870","30,668","26,258","23,239","26,938","44,022","44,835","19,768","1,937","7,861","4,266","7,500","12,564","9,491","10,024","13,227","13,501","13,153","14,076","16,277","20,984","25,958","29,636","34,131","44,410","54,408","51,885","50,611","57,420","53,901","55,760","56,732","50,199","53,236","58,335","64,963","67,044","71,746","76,264","81,116","86,081","91,561"
Burkina Faso,450,459,587,679,748,890,853,"1,031","1,328","1,782","2,121","1,846","1,719","1,571","1,404","1,553","2,036","2,370","2,616","2,616","3,101","3,135","3,357","3,200","1,924","2,380","2,587","2,448","2,805","3,013","2,633","2,836","3,218","4,212","4,843","5,474","5,820","6,781","8,409","8,391","9,123","10,734","11,172","11,938","12,329","11,105","11,310","12,349","14,180","14,882","16,266","17,695","19,261","20,913","22,758"
Burundi,245,252,246,305,346,414,456,542,612,791,951,989,"1,045","1,106","1,005","1,170","1,233","1,161","1,088","1,131","1,131","1,167","1,082",938,924,"1,000",868,972,893,866,870,877,825,785,915,"1,117","1,273","1,356","1,612","1,775","2,032","2,236","2,333","2,575","2,934","3,002","3,138","3,396","3,436","3,573","3,714","3,862","4,078","4,349","4,640"
Cabo Verde,64,72,82,101,101,118,110,103,119,127,,,,,,,,,,,,,,,,,,,,,,,,,,,,,,,,,,,,,,,,,,,,,
Cambodia,774,776,800,710,711,746,799,738,806,768,,,,,,,205,141,276,346,899,"2,011","2,439","2,427","2,765","3,441","3,507","3,443","3,130","3,513","3,667","3,992","4,289","4,665","5,334","6,287","7,268","8,630","10,342","10,391","11,232","12,818","14,057","15,244","16,778","17,789","20,157","22,225","24,523","26,979","29,309","31,802","34,448","37,245","40,236"
Cameroon,"1,157","1,297","1,673","2,272","2,427","3,187","3,473","4,062","5,347","7,116","7,672","8,691","8,335","8,401","8,879","9,274","12,088","14,002","14,219","12,678","12,692","14,152","12,970","13,532","9,207","8,733","9,732","9,841","9,828","10,015","9,027","9,638","10,888","13,630","15,784","16,617","17,970","20,461","23,432","23,442","23,667","26,612","26,487","29,576","32,101","28,431","32,230","34,993","38,521","39,219","42,047","45,019","48,399","52,043","56,178"
Canada,"86,303","97,475","111,031","128,945","157,498","170,692","202,829","207,789","214,677","238,664","273,787","306,223","313,524","340,550","355,373","364,771","377,445","431,334","507,378","565,077","593,962","610,322","592,401","577,200","578,138","604,034","628,569","652,834","631,852","676,005","742,319","736,425","757,981","892,498","1,023,170","1,169,467","1,315,515","1,464,978","1,549,073","1,371,152","1,613,463","1,788,647","1,824,289","1,842,627","1,792,883","1,552,808","1,535,768","1,650,187","1,711,387","1,739,110","1,832,491","1,925,551","2,027,395","2,133,717","2,242,038"
Cayman Islands,24,30,39,51,60,72,86,102,122,145,,,,,,,,,,,,,,,,,,,,,,,,,,,,,,,,,,,,,,,,,,,,,
Central African Republic,264,281,321,378,392,528,629,708,852,977,714,743,719,690,670,883,"1,158","1,275","1,372","1,354","1,572","1,498","1,494","1,309",858,"1,117","1,000",979,"1,036","1,039",885,897,963,"1,110","1,257","1,337","1,461","1,698","1,985","1,982","1,986","2,196","2,171","1,519","1,706","1,593","1,756","1,937","2,185","2,285","2,485","2,691","2,917","3,154","3,461"
Chad,414,452,469,521,607,876,823,832,991,894,738,873,844,844,907,983,"1,211","1,372","1,604","1,515","1,826","1,809","1,886","1,648","1,335","1,636","1,819","1,748","1,975","1,739","1,572","1,936","2,257","3,102","5,003","6,681","7,451","8,687","10,438","9,312","10,702","12,181","12,411","12,994","14,003","10,952","10,091","9,892","10,919","11,372","12,547","13,636","14,890","15,854","17,047"
Chile,"9,559","11,443","12,354","17,611","17,069","7,941","10,843","14,699","16,940","22,806","28,829","34,134","25,451","20,673","20,104","17,238","18,531","21,856","25,765","29,680","32,998","37,981","46,271","49,506","57,114","73,600","78,025","84,924","81,590","75,121","77,825","70,968","69,729","75,644","99,236","122,958","154,782","173,471","179,510","172,512","218,272","252,072","267,026","278,340","260,954","242,537","250,008","277,668","298,172","295,614","313,561","329,797","346,539","364,091","383,171"
China,"91,039","98,059","111,589","136,071","141,529","160,340","150,854","171,467","214,160","263,190","305,350","290,724","286,729","307,683","316,666","312,616","303,340","330,303","411,923","461,066","398,623","415,604","495,671","623,054","566,471","736,870","867,224","965,320","1,032,576","1,097,133","1,214,912","1,344,097","1,477,483","1,671,072","1,966,223","2,308,786","2,774,308","3,571,451","4,604,285","5,121,681","6,066,351","7,522,103","8,570,348","9,635,025","10,534,526","11,226,186","11,221,836","12,062,281","13,407,398","14,216,503","15,468,095","16,806,501","18,206,847","19,713,516","21,309,503"
Colombia,"10,193","11,062","12,282","14,531","17,462","18,508","21,674","27,519","32,864","39,497","46,784","50,969","54,583","54,249","53,581","48,877","48,944","50,948","54,925","55,384","56,412","58,308","68,997","78,195","98,260","111,237","116,838","128,267","118,442","103,761","99,875","98,201","97,946","94,645","117,092","146,547","162,766","207,465","244,302","233,893","286,954","335,437","369,430","380,170","378,323","291,530","279,987","311,796","333,114","336,599","352,810","372,692","393,542","415,969","439,251"
Comoros,20,22,26,34,39,60,59,65,85,113,152,133,126,122,118,120,162,196,207,199,250,260,281,278,186,232,231,212,216,223,202,220,252,325,363,388,404,466,533,537,544,611,596,658,684,589,615,649,742,726,773,821,872,925,984
Democratic Republic of the Congo,"3,000","3,353","3,701","4,719","5,754","6,138","5,786","7,401","10,507","10,297","68,606","59,726","64,939","52,378","34,951","31,943","35,840","33,932","39,314","40,006","41,448","40,250","36,333","47,450","25,746","25,021","32,099","28,819","21,089","19,147","19,077","8,173","8,719","8,954","10,341","11,951","14,296","16,364","19,129","18,315","20,641","24,575","27,566","32,676","35,918","38,496","39,324","41,447","42,644","48,458","52,475","55,036","57,634","60,255","63,294"
Republic of Congo,262,300,360,480,580,683,709,707,879,"1,194",,,,,,,,,,,,,,,,,,,,,,,,,,,,,,,,,,,,,,,,,,,,,
Cook Islands,9,9,9,12,14,14,13,15,18,20,,,,,,,,,,,,,,,,,,,,,,,,,,,,,,,,,,,,,,,,,,,,,
Costa Rica,"1,251","1,369","1,573","1,943","2,118","2,492","3,065","3,904","4,477","5,127","4,836","2,626","2,609","3,150","3,664","3,926","4,408","4,537","4,618","5,230","5,716","7,238","8,578","9,586","10,473","11,545","11,640","12,568","13,634","14,211","14,965","15,930","16,525","17,220","18,562","19,994","22,659","26,856","30,844","30,826","37,634","42,717","46,984","50,326","51,260","55,475","57,810","58,654","59,006","60,459","63,460","66,627","70,167","73,993","78,275"
Côte d'Ivoire,"1,501","1,597","1,872","2,540","3,070","3,894","4,662","6,265","7,901","9,142",,,,,,,,,,,,,,,,,,,,,,,,,,,,,,,,,,,,,,,,,,,,,
Croatia,,,,,,,,,,,,,,,,,,,,,,,"12,247","12,968","17,349","22,388","23,601","23,974","25,346","23,374","21,774","23,289","26,878","34,659","41,574","45,416","50,436","60,081","70,452","62,636","59,665","62,237","56,486","57,770","57,080","48,676","51,350","55,201","60,688","61,252","64,590","67,700","70,937","74,145","77,197"
Cuba,"5,693","6,915","8,135","9,988","11,406","13,027","13,790","14,206","17,845","19,584",,,,,,,,,,,,,,,,,,,,,,,,,,,,,,,,,,,,,,,,,,,,,
Curaçao,"5,693","6,915","8,135","9,988","11,406","13,027","13,790","14,206","17,845","19,584",,,,,,,,,,,,,,,,,,,,,,,,,,,,,,,,,,,,,,,,,,,,,
Cyprus,569,666,810,986,873,728,842,"1,073","1,404","1,840","2,314","2,242","2,319","2,321","2,447","2,611","3,317","3,979","4,589","4,901","6,003","6,195","7,424","7,098","8,004","9,937","10,016","9,545","10,256","10,502","9,988","10,396","11,421","14,552","17,328","18,713","20,422","24,083","27,972","26,009","25,608","27,454","25,026","24,064","23,345","19,570","20,055","22,186","24,492","24,638","26,348","27,955","29,684","31,403","33,220"
Czech Republic,,,,,,,,,,,,,,,,,,,,,,,,,,"59,519","66,797","61,602","66,347","64,719","61,474","67,376","81,684","99,322","118,971","135,990","155,213","188,614","235,513","205,852","207,016","227,948","207,376","209,402","207,818","186,830","195,305","215,914","242,052","246,161","259,736","272,480","286,068","299,653","314,658"
Czechoslovakia,"16,294","17,039","19,527","23,074","24,754","27,300","26,914","38,583","42,501","45,672",,,,,,,,,,,,,,,,,,,,,,,,,,,,,,,,,,,,,,,,,,,,,
Denmark,"16,591","18,515","22,591","29,962","33,347","39,594","43,676","48,855","59,296","69,161","71,140","61,893","60,423","60,650","59,115","62,682","88,103","109,433","115,568","112,436","138,258","139,265","152,961","143,210","156,181","185,042","187,644","173,558","177,005","177,961","164,188","164,820","178,648","218,139","251,370","264,489","282,895","319,424","353,359","321,243","321,995","344,003","327,149","343,584","352,297","301,308","306,900","329,866","350,874","349,524","364,546","379,881","398,040","418,237","439,867"
Djibouti,66,75,90,112,141,157,187,201,221,264,,,,,,,,,,,,462,478,466,492,498,494,503,514,541,556,577,596,628,666,709,769,848,984,"1,015","1,099","1,239","1,354","1,455","1,588","1,727","1,889","2,029","2,187","2,392","2,599","2,824","3,068","3,333","3,622"
Dominica,23,26,28,32,38,40,39,44,54,53,73,82,90,99,109,119,135,152,171,185,201,220,234,246,264,275,292,303,322,332,333,340,333,343,367,364,390,421,458,489,494,501,486,508,528,517,581,553,494,542,590,627,664,688,712
Dominican Republic,"1,832","2,055","2,451","2,892","3,609","4,439","4,874","5,658","5,839","6,782","9,267","10,363","9,768","10,110","15,890","6,942","8,432","8,874","8,127","9,179","8,544","10,565","12,328","13,878","15,501","17,537","19,399","20,954","22,650","23,213","25,665","26,638","28,302","22,585","23,411","36,183","38,337","44,067","48,206","48,319","53,893","58,023","60,703","62,061","65,322","68,197","71,673","76,091","80,940","84,837","90,459","96,568","103,224","110,475","118,234"
Ecuador,"1,762","1,686","1,973","2,620","3,906","4,536","5,596","7,005","8,056","9,851","16,840","17,243","17,214","15,129","16,101","18,830","13,816","12,910","12,277","12,049","12,236","13,730","15,012","17,537","21,147","22,968","24,035","27,009","27,474","19,740","18,319","24,468","28,549","32,433","36,592","41,507","46,802","51,008","61,763","62,520","69,555","79,277","87,925","95,130","102,292","100,177","98,614","104,296","107,511","106,289","107,730","110,571","114,783","118,502","122,025"
Egypt,"8,143","8,629","9,227","9,589","11,334","12,678","14,974","19,136","23,432","15,616","23,523","25,760","30,479","37,254","41,888","48,841","54,076","77,359","92,530","115,362","96,087","48,431","44,168","49,526","54,550","63,260","71,114","79,770","89,188","95,039","104,752","102,273","90,261","85,163","82,855","94,127","112,902","137,055","170,797","198,316","230,024","247,726","278,769","288,007","305,567","332,075","332,484","236,528","249,559","299,589","331,360","345,230","360,552","377,043","402,647"
El Salvador,338,356,379,438,519,589,751,943,"1,012","1,132","3,899","3,437","3,394","3,250","2,377","2,311","2,327","2,366","2,762","3,157","4,801","5,311","5,955","6,938","8,086","9,501","10,316","11,135","12,008","12,465","13,134","13,813","14,307","15,047","15,798","17,094","18,551","20,105","21,431","20,661","21,418","23,139","23,814","24,351","25,054","25,850","26,798","24,928","26,057","26,989","28,202","29,394","30,657","31,922","33,225"
Equatorial Guinea,20,21,20,26,27,34,35,39,44,50,35,33,39,44,49,81,100,122,132,116,147,145,177,178,132,186,305,580,486,814,"1,371","1,915","2,368","3,256","5,781","9,064","10,087","13,072","19,750","15,028","16,299","21,329","22,390","21,943","21,504","13,819","10,178","12,287","13,734","12,432","12,263","12,038","11,899","12,022","12,611"
Eritrea,,,,,,,,,,,,,,,,,,,,,,,783,483,560,624,749,767,809,794,706,752,729,870,"1,109","1,098","1,211","1,318","1,380","1,857","2,117","2,608","3,092","3,502","4,052","4,666","5,005","5,813","6,721","7,718","8,116","9,406","10,979","12,706","14,745"
Estonia,,,,,,,,,,,,,,,,,,,,,,,,"1,739","2,435","3,797","4,745","5,072","5,621","5,741","5,706","6,260","7,345","9,852","12,071","14,024","16,987","22,265","24,285","19,712","19,538","23,191","23,057","25,089","26,255","22,472","23,348","26,665","30,312","31,026","33,235","35,424","37,702","40,025","42,747"
Ethiopia,"2,559","2,709","2,958","3,421","3,846","3,828","4,160","4,730","5,034","5,533","7,385","7,578","7,973","8,863","8,375","9,808","10,188","10,890","11,285","11,872","12,595","13,928","14,696","9,143","8,135","8,431","8,826","8,909","8,078","7,927","8,235","8,223","7,851","8,623","10,142","12,408","15,283","19,701","26,839","32,464","29,917","31,958","43,134","47,656","55,512","64,683","73,151","75,745","80,279","90,968","99,371","108,065","117,111","127,234","138,040"
Fiji,223,249,320,430,564,691,702,727,838,"1,030","1,231","1,264","1,222","1,149","1,205","1,168","1,320","1,205","1,136","1,210","1,337","1,384","1,532","1,635","1,825","1,970","2,129","2,094","1,656","1,942","1,684","1,660","1,843","2,316","2,727","3,007","3,103","3,405","3,647","2,971","3,251","3,775","3,972","4,190","4,470","4,391","4,666","4,891","5,118","5,324","5,671","6,039","6,426","6,844","7,282"
Finland,"11,113","12,257","14,425","19,053","24,312","29,122","31,469","33,102","35,826","43,934","53,731","52,625","53,123","51,065","53,028","56,234","73,660","91,782","108,806","119,237","141,806","128,279","113,104","89,323","103,761","134,350","132,155","127,005","134,111","135,403","125,908","129,361","140,047","171,398","197,035","204,786","216,742","255,739","285,087","252,137","248,262","273,925","256,849","270,065","273,042","232,556","238,776","252,809","275,321","276,572","289,243","300,441","311,623","323,318","336,219"
France,"146,436","163,704","200,946","261,468","282,158","355,617","367,273","405,397","500,052","605,041","704,515","621,172","590,127","564,582","534,333","559,846","776,121","939,453","1,025,679","1,031,314","1,278,666","1,280,302","1,412,100","1,331,659","1,404,479","1,611,198","1,614,708","1,462,606","1,512,957","1,502,245","1,372,452","1,383,406","1,505,649","1,851,660","2,126,995","2,207,450","2,327,052","2,666,805","2,937,321","2,700,658","2,651,772","2,865,304","2,682,901","2,809,390","2,843,673","2,434,787","2,466,472","2,587,682","2,775,252","2,761,633","2,876,053","2,981,601","3,099,755","3,219,884","3,354,126"
French Polynesia,233,272,299,395,509,633,717,771,975,"1,211",,,,,,,,,,,,,,,,,,,,,,,,,,,,,,,,,,,,,,,,,,,,,
Gabon,396,467,527,885,"1,890","2,641","3,684","3,439","2,925","3,709","4,559","4,111","3,853","3,689","3,547","3,736","4,889","3,699","4,079","4,458","6,339","5,754","5,955","5,757","4,463","5,281","6,064","5,673","4,774","4,966","5,397","5,019","5,310","6,497","7,756","9,459","10,154","12,439","15,509","12,152","14,359","18,203","17,181","17,596","18,209","14,370","14,020","14,922","17,033","16,709","17,893","19,097","20,361","21,704","23,316"
Gambia,96,101,132,224,293,352,323,342,406,445,631,604,571,574,413,502,392,525,610,640,751,793,855,916,907,948,989,"1,025","1,052","1,080","1,052","1,045",924,879,"1,003","1,078","1,071","1,274","1,613","1,488","1,630","1,398","1,423","1,367","1,259","1,370","1,445","1,483","1,617","1,741","1,870","1,992","2,121","2,249","2,385"
Georgia,,,,,,,,,,,,,,,,,,,,,,,,,827,"1,907","3,063","3,511","3,607","2,805","3,057","3,218","3,396","3,991","5,126","6,411","7,745","10,173","12,795","10,767","11,638","14,435","15,847","16,141","16,515","13,996","14,330","15,080","16,324","17,214","18,888","20,739","22,409","24,167","26,091"
Germany,"208,867","241,914","290,117","385,518","430,928","474,785","502,961","581,104","716,567","852,855","850,642","715,726","691,011","689,366","649,558","658,784","940,833","1,170,617","1,262,020","1,252,915","1,592,710","1,869,104","2,128,558","2,069,766","2,211,022","2,594,371","2,504,671","2,221,738","2,246,445","2,202,845","1,955,673","1,952,325","2,086,496","2,510,528","2,823,071","2,866,308","3,005,081","3,444,723","3,770,150","3,426,672","3,423,466","3,761,142","3,545,946","3,753,687","3,885,440","3,377,310","3,479,232","3,700,613","4,000,386","3,963,880","4,157,115","4,335,205","4,527,210","4,713,907","4,912,299"
Ghana,"3,549","3,874","3,386","3,124","3,641","3,490","3,559","3,872","4,495","4,748","38,219","61,792","72,037","48,515","17,332","15,379","14,228","11,932","12,678","12,897","14,898","16,673","16,484","13,383","12,303","14,544","15,458","15,786","17,153","17,756","11,467","12,227","14,200","17,494","20,243","24,521","28,785","33,941","38,413","34,254","43,043","53,645","56,504","63,279","53,173","48,595","54,989","58,978","65,191","68,258","72,264","77,628","83,740","90,497","97,375"
Greece,"12,524","13,908","16,094","21,300","24,163","27,212","29,715","34,493","42,200","51,954","56,573","52,257","54,799","49,634","48,337","47,964","56,434","65,661","76,465","79,241","97,979","105,642","116,624","109,010","116,539","136,968","145,875","143,343","144,645","149,040","132,197","136,308","154,376","202,311","240,848","248,207","273,558","318,940","356,140","330,837","299,919","288,062","245,807","239,937","236,455","194,958","192,770","203,493","219,097","219,752","230,500","239,694","248,374","255,865","263,400"
Greenland,68,87,104,138,167,208,237,278,350,414,,,,,,,,,,,,,,,,,,,,,,,,,,,,,,,,,,,,,,,,,,,,,
Grenada,17,21,28,35,36,44,44,50,64,75,111,116,125,132,146,168,188,215,236,267,278,301,310,310,325,342,367,392,446,482,520,520,540,591,599,695,699,759,826,771,771,779,800,843,912,984,"1,056","1,127","1,196","1,272","1,330","1,395","1,463","1,534","1,608"
Guatemala,"1,697","1,769","1,874","2,290","2,818","3,250","3,892","4,886","5,412","6,154","7,319","7,995","8,098","8,406","8,796","10,385","5,615","6,502","7,042","8,118","7,106","8,687","9,625","10,462","11,855","13,314","14,218","16,103","17,488","16,492","17,187","18,703","20,777","21,918","23,965","27,211","30,231","34,113","39,137","37,734","41,338","47,655","50,388","53,851","58,722","63,794","68,763","75,620","78,979","82,335","87,629","93,473","99,550","106,078","114,948"
Guinea,566,626,668,716,822,926,"1,056","1,085","1,241","1,328","1,724","1,711","1,678","1,641","1,672","1,777","1,922","2,041","2,384","2,432","2,666","3,015","3,284","3,279","3,383","3,693","3,868","3,783","3,588","3,461","2,995","2,829","2,950","3,446","3,666","2,937","2,903","4,157","4,517","4,635","4,739","4,475","5,604","6,119","6,685","6,738","8,476","10,401","11,739","12,623","13,603","14,702","15,781","16,892","18,083"
Guinea-Bissau,307,305,357,440,483,556,500,430,497,544,171,219,249,281,195,287,280,237,221,266,323,457,489,381,435,460,438,416,376,406,364,380,410,477,532,588,592,697,869,829,851,"1,099",990,"1,046","1,055","1,041","1,165","1,350","1,459","1,538","1,669","1,808","1,962","2,129","2,316"
Guyana,427,452,458,488,684,804,711,703,793,829,559,544,459,466,465,474,523,655,615,779,652,735,602,721,874,993,"1,116","1,188","1,114","1,147","1,123","1,127","1,160","1,197","1,260","1,311","1,455","1,741","1,916","2,023","2,262","2,582","2,854","2,990","3,078","3,183","3,504","3,561","3,636","3,830","4,609","5,419","6,013","7,388","8,613"
Haiti,331,363,372,467,565,681,879,947,974,"1,081","1,546","1,702","1,770","1,900","2,105","2,337","2,597","1,279",841,778,990,888,533,610,"1,775","2,813","2,908","3,339","3,724","4,154","3,954","3,596","3,472","2,960","3,538","4,310","4,756","5,885","6,550","6,584","6,620","7,516","7,890","8,451","8,774","8,672","8,178","8,608","9,525","9,602","9,648","10,026","10,397","10,794","11,207"
Honduras,824,872,958,"1,089","1,234","1,341","1,608","1,992","2,302","2,686","3,508","3,855","3,970","4,207","4,538","4,976","5,207","5,678","6,324","7,065","4,169","4,195","4,675","4,794","4,693","5,415","5,217","5,736","6,366","6,417","7,104","7,566","7,775","8,140","8,772","9,672","10,842","12,275","13,790","14,486","15,730","17,649","18,464","18,436","19,688","20,729","21,644","23,101","23,778","24,651","25,560","26,637","27,743","28,942","30,217"
Hong Kong,"3,812","4,456","5,702","8,022","9,374","10,044","12,873","15,706","18,297","22,495","28,862","31,055","32,291","29,907","33,511","35,657","41,074","50,625","59,708","68,791","76,930","88,960","104,272","120,355","135,813","144,652","159,719","177,356","168,885","165,770","171,669","169,407","166,350","161,384","169,097","181,570","193,534","211,599","219,280","214,046","228,637","248,514","262,627","275,697","291,463","309,406","320,881","341,659","363,031","381,720","402,034","422,347","443,822","466,307","490,320"
Hungary,"6,270","6,824","8,004","9,911","10,863","12,387","14,354","16,031","18,741","21,639","22,974","23,559","23,993","21,774","21,111","21,378","24,624","27,064","29,615","30,234","34,264","34,651","38,616","40,007","43,023","46,301","46,538","47,178","48,662","49,075","47,209","53,697","67,561","85,050","103,695","112,589","114,801","139,198","157,291","129,965","130,258","140,099","127,321","134,680","139,295","121,660","129,144","139,761","155,703","168,778","177,734","188,376","196,668","206,102","216,393"
Iceland,519,660,827,"1,133","1,493","1,386","1,645","2,176","2,475","2,811","3,447","3,558","3,270","2,807","2,904","3,028","4,038","5,595","6,182","5,735","6,544","6,993","7,153","6,271","6,437","7,173","7,519","7,596","8,468","8,931","8,946","8,144","9,200","11,304","13,709","16,691","17,043","21,295","17,640","12,887","13,255","14,675","14,219","15,479","17,179","16,784","20,304","24,493","25,882","24,544","26,821","28,387","29,862","31,495","33,164"
India,"61,470","65,947","71,735","85,546","96,552","100,437","101,196","117,421","135,833","150,317","189,438","196,535","203,537","222,049","215,556","237,618","252,751","283,750","299,645","300,187","326,608","274,842","293,262","284,194","333,014","366,600","399,791","423,189","428,767","466,841","476,636","493,934","523,768","618,369","721,589","834,218","949,118","1,238,700","1,224,096","1,365,373","1,708,460","1,822,992","1,828,120","1,857,237","2,033,652","2,089,867","2,273,556","2,652,245","2,716,746","2,971,996","3,257,720","3,577,316","3,924,107","4,306,293","4,729,319"
Indonesia,"9,805","10,295","12,083","17,878","28,349","33,472","40,948","50,331","56,535","56,473","99,296","110,848","113,799","103,149","107,218","107,062","101,220","95,214","107,279","122,582","138,258","154,558","168,280","190,913","213,727","244,227","274,722","260,680","115,323","169,158","179,482","174,507","212,807","255,428","279,556","310,815","396,293","470,144","558,582","577,539","755,256","892,590","919,002","916,646","891,051","861,143","932,445","1,015,292","1,022,454","1,100,911","1,208,857","1,305,733","1,399,115","1,499,445","1,606,730"
Iran,"10,032","12,631","15,785","25,134","43,806","48,877","63,404","74,362","73,233","85,610","93,936","100,012","125,753","156,132","161,796","181,684","210,492","278,747","314,739","378,050","569,585","295,443","48,887","63,625","79,847","112,783","154,126","180,421","201,452","270,641","357,875","325,377","128,527","151,743","181,283","218,207","257,850","337,654","390,670","396,694","463,670","570,039","382,017","379,436","414,965","375,404","404,447","430,709","452,275","484,663","495,694","515,317","536,268","557,624","584,007"
Iraq,"2,320","2,605","2,615","3,283","3,870","4,845","6,178","6,693","8,468","11,371",,,,,,,,,,,,,,,,,,,"10,469","18,449","25,857","18,936","18,970","15,800","36,642","50,065","65,144","88,833","131,614","111,660","138,517","185,750","218,032","234,638","255,534","179,838","171,716","193,521","226,070","225,257","246,932","259,534","272,680","286,547","301,907"
Ireland,"4,295","4,979","6,210","7,356","7,799","9,279","9,285","10,972","14,254","18,023","21,384","20,327","21,253","20,512","19,819","21,006","28,352","33,598","36,785","37,975","48,526","49,638","56,261","53,745","59,213","73,175","80,320","87,780","97,606","106,754","99,832","109,103","127,969","164,285","193,947","211,698","232,239","270,056","274,935","235,714","221,270","240,483","225,799","238,991","255,896","290,241","304,499","331,597","372,695","381,571","405,185","428,081","452,683","476,424","502,525"
Israel,"6,070","6,401","8,431","10,807","14,655","14,502","15,243","16,495","16,232","20,891","23,819","25,238","27,048","30,165","28,557","26,542","32,675","39,027","48,346","49,190","58,045","65,844","73,576","73,948","84,413","100,279","109,949","114,714","115,953","117,195","142,328","141,638","132,935","129,682","149,366","157,463","169,877","195,743","234,929","227,319","255,756","285,373","303,640","327,318","354,767","375,094","351,748","353,268","369,843","381,569","403,961","425,999","450,689","476,373","503,289"
Italy,"109,791","120,709","140,634","169,911","193,228","220,469","217,583","249,389","305,032","381,143","483,592","438,534","433,428","449,739","444,306","458,982","650,037","815,836","903,851","939,875","1,173,063","1,239,527","1,314,814","1,057,442","1,090,596","1,171,510","1,309,315","1,240,577","1,268,032","1,250,203","1,145,109","1,163,316","1,270,994","1,572,653","1,800,756","1,855,834","1,944,339","2,206,109","2,402,062","2,190,700","2,129,021","2,278,376","2,073,971","2,131,157","2,155,153","1,825,820","1,860,152","1,946,888","2,072,201","2,025,866","2,090,448","2,142,457","2,200,656","2,256,796","2,323,028"
Jamaica,"1,591","1,741","2,119","2,173","2,700","3,251","3,371","3,694","3,006","2,765","2,565","2,817","3,235","2,875","2,119","1,993","2,369","2,672","3,184","3,692","4,663","4,285","4,328","5,516","5,529","6,543","7,046","8,076","8,462","8,496","8,696","8,835","9,332","8,994","9,744","10,761","11,468","12,359","13,743","12,107","13,192","14,409","14,761","14,203","13,863","14,218","14,002","14,773","15,422","16,152","16,717","17,503","18,365","19,273","20,227"
Japan,"209,071","236,155","312,738","424,891","471,643","512,861","576,406","709,405","996,742","1,037,453","1,099,695","1,215,778","1,130,404","1,232,408","1,309,788","1,401,006","2,075,616","2,514,969","3,051,174","3,052,896","3,140,669","3,582,802","3,898,138","4,467,123","4,907,582","5,450,805","4,834,019","4,415,715","4,034,448","4,546,050","4,887,301","4,304,758","4,115,197","4,447,378","4,815,772","4,755,980","4,530,475","4,515,264","5,037,910","5,231,384","5,700,099","6,157,460","6,203,213","5,155,716","4,848,733","4,379,868","4,949,272","4,859,951","4,971,929","5,176,205","5,495,423","5,807,520","6,133,859","6,475,893","6,848,808"
Jordan,593,633,705,807,933,"1,220","1,574","1,937","2,562","3,103","3,908","4,388","4,684","4,922","4,972","5,001","6,404","6,751","6,324","4,252","4,161","4,345","5,369","5,532","6,197","6,650","6,928","7,246","7,912","8,149","8,461","8,975","9,582","10,196","11,411","12,589","15,057","17,111","21,963","23,820","26,425","28,840","30,981","33,641","35,878","37,570","38,709","40,766","42,371","44,256","46,451","48,850","51,474","54,343","57,373"
Kazakhstan,,,,,,,,,,,,,,,,,,,,,,,"2,875","5,152","11,648","16,594","20,893","22,130","21,624","16,870","18,292","22,153","24,637","30,834","43,152","57,125","81,003","104,850","133,441","115,309","148,047","192,626","207,999","236,635","221,416","184,388","133,668","162,887","170,539","164,207","177,322","190,855","206,041","226,115","248,852"
Kenya,"2,195","2,432","2,727","3,217","3,836","4,206","4,483","5,794","6,860","7,869","10,099","9,513","9,159","8,470","8,788","8,746","10,387","11,387","11,806","11,705","12,180","11,501","11,327","7,869","9,422","11,944","13,565","13,742","15,739","14,353","14,136","14,536","14,764","16,796","18,064","21,001","25,826","31,958","35,895","37,022","40,000","41,672","50,420","55,129","61,494","63,624","70,527","79,212","89,205","99,246","109,116","118,892","129,616","140,929","153,191"
Kiribati,21,22,28,46,83,80,60,56,65,62,39,41,41,38,41,32,32,73,45,44,43,47,48,47,55,56,67,67,66,69,68,63,72,91,103,112,109,131,142,132,154,177,188,188,186,160,182,186,189,187,196,205,214,224,234
"Korea, North","4,927","5,440","6,006","6,630","7,320","8,081","8,412","8,757","9,116","9,490",,,,,,,,,,,,,,,,,,,,,,,,,,,,,,,,,,,,,,,,,,,,,
"Korea, South","8,936","9,894","10,794","13,805","19,397","21,648","29,774","38,227","51,539","66,218",,,,,,,,,,,,,,,,,,,,,,,,,,,,,,,,,,,,,,,,,,,,,
Kosovo,,,,,,,,,,,,,,,,,,,,,,,,,,,,,,,"2,234","2,535","2,703","3,355","3,621","3,741","3,918","4,743","5,715","5,668","5,841","6,699","6,503","7,075","7,398","6,444","6,717","7,242","7,981","8,126","8,677","9,234","9,852","10,491","11,204"
Kuwait,"2,873","3,881","4,448","5,405","13,004","12,016","13,120","14,140","15,502","24,750","28,724","25,249","21,583","20,317","21,457","21,540","17,376","20,817","19,281","23,855","18,293","10,826","19,866","23,996","24,796","27,189","31,492","30,350","25,944","30,123","37,721","34,886","38,135","47,844","59,439","80,807","101,559","114,677","147,402","105,992","115,401","154,020","174,066","174,179","162,695","114,079","110,873","119,533","141,050","136,940","142,999","149,568","155,982","163,309","171,661"
Kyrgyzstan,,,,,,,,,,,,,,,,,,,,,,,917,665,"1,108","1,493","1,822","1,767","1,630","1,242","1,368","1,525","1,606","1,920","2,214","2,459","2,837","3,807","5,139","4,690","4,794","6,198","6,604","7,335","7,467","6,678","6,551","7,703","8,093","8,334","8,781","9,288","9,897","10,423","10,976"
Laos,113,125,134,154,174,204,222,231,250,265,"1,913","1,118","1,119","2,047","2,930","3,685","2,577","1,815","1,182","1,460","1,742","2,053","2,354","2,652","3,081","3,579","3,726","3,515","1,334","1,415","1,720","1,757","1,844","2,259","2,649","3,049","3,915","4,757","5,948","6,431","7,504","8,963","10,195","11,974","13,266","14,363","15,916","17,069","18,434","20,153","22,013","23,977","26,101","28,411","30,922"
Latvia,,,,,,,,,,,,,,,,,,,,,,,"1,694","2,728","4,532","5,410","5,970","6,527","7,178","7,534","7,948","8,351","9,553","11,753","14,377","16,949","21,466","30,946","35,763","26,238","23,809","28,496","28,141","30,260","31,402","27,040","27,584","30,524","34,881","35,721","38,102","40,403","42,822","45,266","47,975"
Lebanon,"1,489","1,673","2,086","2,721","3,496","3,258","1,427","2,529","2,977","3,633","4,074","3,894","2,656","3,660","4,327","3,614","2,817","3,298","3,314","2,718","2,838","4,452","5,546","7,535","9,110","11,119","12,997","15,745","17,289","17,405","17,248","17,595","19,091","19,749","20,957","21,286","21,797","24,577","28,833","35,140","38,010","40,076","44,100","47,598","49,874","50,800","49,611","53,394","56,409","58,281","60,620","63,395","66,550","69,963","73,697"
Lesotho,67,65,77,116,132,138,136,178,245,267,476,483,402,442,396,316,363,475,538,560,675,766,888,887,936,"1,052",995,"1,050",967,949,923,846,771,"1,146","1,461","1,627","1,721","1,939","1,922","2,007","2,603","2,937","2,788","2,635","2,568","2,364","2,442","2,733","2,762","2,811","2,892","3,041","3,200","3,353","3,498"
Liberia,259,273,296,346,423,509,527,590,646,744,,,,,,,,,,,,,,,,,,,,,874,906,927,748,897,949,"1,119","1,373","1,726","1,768","1,998","2,398","2,721","3,067","3,144","3,177","3,278","3,284","3,249","3,221","3,217","3,266","3,437","3,499","3,712"
Libya,"4,268","4,881","5,845","8,003","14,022","13,649","17,719","20,809","20,537","28,332","38,941","33,641","33,541","31,963","29,930","29,440","23,987","22,294","25,067","26,594","30,644","33,908","34,358","30,921","28,796","32,690","35,683","36,531","29,960","35,975","38,271","34,112","20,471","26,186","32,996","47,335","54,963","67,690","83,651","56,236","73,397","38,843","89,242","62,872","33,819","29,763","18,539","30,565","43,587","44,964","50,424","56,737","64,438","73,848","85,307"
Liechtenstein,90,105,125,166,194,246,272,303,437,503,,,,,,,,,,,,,,,,,,,,,,,,,,,,,,,,,,,,,,,,,,,,,
Lithuania,,,,,,,,,,,,,,,,,,,,,,,,,,"6,698","8,385","10,121","11,241","10,973","11,539","12,253","14,275","18,803","22,647","26,182","30,235","39,787","48,125","37,533","37,200","43,564","42,887","46,479","48,661","41,423","42,791","47,640","53,323","54,240","57,602","60,871","64,198","67,488","71,022"
Luxembourg,"1,445","1,506","1,886","2,588","3,157","3,097","3,395","3,757","4,679","5,470","6,494","5,601","4,599","4,515","4,426","4,588","6,679","8,289","9,389","9,998","12,747","13,815","15,476","15,864","17,653","20,768","20,657","18,603","19,445","21,285","21,438","21,070","23,391","29,263","34,390","37,041","41,950","50,393","55,406","50,515","53,005","59,631","56,443","61,563","65,476","58,077","58,655","62,441","68,770","69,634","73,693","77,529","81,622","85,580","90,046"
Macau,165,197,241,328,377,436,433,554,723,822,,,,,,,,,,,,,,,,,,,,,,"6,811","7,323","8,195","10,586","12,092","14,790","18,341","20,917","21,475","28,124","36,708","43,032","51,552","55,348","45,415","45,368","50,559","54,545","58,055","62,158","66,673","71,689","77,086","82,990"
Macedonia,,,,,,,,,,,,,,,,,,,,,,,,,,,,,,,,,,,,,,,,,,,,,,,,,,,,,,,
Madagascar,898,971,"1,110","1,367","1,549","1,844","1,762","1,905","2,156","2,798","4,042","3,595","3,526","3,512","2,939","2,858","3,258","2,566","2,442","2,498","3,081","2,677","3,001","3,371","2,977","3,160","3,995","3,546","3,738","3,721","3,878","4,530","4,397","5,474","4,364","5,039","5,516","7,343","9,413","8,550","8,730","9,893","9,920","10,602","10,674","9,744","10,001","11,466","12,093","12,734","13,542","14,503","15,595","16,777","18,054"
Malawi,442,555,635,612,756,845,923,"1,111","1,307","1,403","2,146","2,146","2,046","2,121","2,095","1,962","2,048","2,013","2,314","2,639","2,999","3,821","3,120","3,591","2,081","2,423","3,956","4,619","3,036","3,080","3,023","2,967","3,496","3,211","3,476","3,656","3,998","4,431","5,321","6,195","6,957","7,984","5,981","5,432","6,055","6,407","5,475","6,226","6,925","7,436","7,861","8,345","8,918","9,575","10,268"
Malaysia,"3,737","4,586","5,449","8,279","10,260","10,079","11,939","14,196","17,674","22,919","26,382","26,938","28,868","32,286","36,568","33,612","29,879","34,046","37,315","41,095","46,575","52,765","63,521","71,837","79,985","95,395","108,300","107,570","77,508","84,996","100,719","99,639","108,296","118,344","133,966","148,245","168,084","199,960","238,645","208,914","255,024","297,961","314,443","323,276","338,073","296,434","296,536","314,708","354,348","373,447","401,985","431,537","464,466","499,837","539,632"
Maldives,38,42,49,60,76,48,44,41,47,75,63,73,87,94,113,134,158,149,178,201,231,262,306,346,382,466,527,652,693,756,801,767,828,"1,043","1,202","1,120","1,475","1,746","2,110","2,149","2,323","2,321","2,517","2,787","3,088","3,192","4,213","4,858","5,302","5,749","6,213","6,720","7,272","7,851","8,451"
Mali,276,330,373,433,406,604,716,833,965,"1,220","2,031","1,660","1,468","1,418","1,416","1,426","1,981","2,308","2,316","2,827","3,223","3,285","3,373","3,362","2,575","3,337","3,416","3,208","3,328","3,444","2,963","3,468","3,903","4,713","5,452","6,256","6,906","8,157","9,797","10,207","10,699","12,990","12,450","13,250","14,411","13,107","14,039","15,366","17,187","17,833","19,332","20,831","22,464","24,169","25,896"
Malta,251,265,295,346,376,475,528,626,794,"1,001",,,,,,,,,,,,,,,,"3,367","3,433","3,476","3,680","3,836","4,059","4,067","4,475","5,423","6,049","6,402","6,786","7,944","9,020","8,550","8,757","9,509","9,204","10,135","11,206","10,293","11,278","12,754","14,505","15,134","16,338","17,428","18,550","19,659","20,845"
Marshall Islands,8,9,10,12,15,17,18,20,22,26,,,,,,,,,,,,,,,,,,106,109,108,111,115,125,127,131,138,144,151,153,153,165,173,185,191,183,179,194,208,214,220,228,236,243,250,256
Mauritania,324,347,406,462,628,759,847,871,857,"1,069",,,,,,,,,,,"1,213","1,390","1,464","1,250","1,316","1,415","1,443","1,402","1,371","1,406","1,294","1,296","1,324","1,563","1,831","2,184","3,041","3,331","3,947","3,670","4,330","5,176","5,234","5,724","5,391","4,844","4,755","4,919","5,194","5,569","5,697","5,931","6,629","7,279","8,106"
Mauritius,197,221,278,348,578,581,722,844,"1,041","1,241","1,173","1,115","1,069","1,132","1,047","1,061","1,432","1,813","2,103","2,161","2,596","2,851","3,211","3,309","3,673","4,195","4,337","4,073","4,114","4,344","4,663","4,614","4,841","5,817","6,579","6,489","6,732","7,792","9,641","8,835","9,718","11,263","11,446","11,932","12,613","11,511","12,150","13,267","14,277","14,812","15,757","16,757","17,856","18,929","20,051"
Mexico,"43,426","47,897","55,200","67,532","87,943","107,525","108,589","100,097","125,438","164,346","234,618","301,328","218,680","178,282","210,246","223,104","154,470","169,397","207,235","252,549","298,037","357,292","414,348","504,022","527,316","343,814","397,402","480,557","502,029","579,452","683,650","724,691","741,563","713,283","770,270","866,346","966,867","1,043,472","1,101,274","894,950","1,051,128","1,171,185","1,186,602","1,261,983","1,298,404","1,152,266","1,076,914","1,158,229","1,223,359","1,241,450","1,297,751","1,358,368","1,424,472","1,495,148","1,569,978"
Micronesia,21,23,27,37,49,49,50,50,57,64,,,,,,,,,,,,,,,,,,,,,,,,,,,,,,,,,,,,,,,,,,,,,
Moldova,,,,,,,,,,,,,,,,,,,,,,,864,"1,110","1,158","1,441","1,694","1,928","1,697","1,172","1,315","1,481","1,662","1,981","2,598","2,988","3,408","4,401","6,055","5,438","5,813","7,018","7,283","7,985","7,983","6,496","6,773","9,670","11,404","12,037","12,793","13,527","14,311","15,134","16,022"
Monaco,293,328,403,524,565,712,736,812,"1,002","1,212",,,,,,,,,,,,,,,,,,,,,,,,,,,,,,,,,,,,,,,,,,,,,
Mongolia,172,189,204,235,267,311,342,392,451,510,"3,188","3,336","3,463","3,590","3,316","3,851","4,250","4,776","4,797","4,997","3,131","3,297","1,831",902,"1,082","1,697","1,573","1,380","1,314","1,236","1,329","1,485","1,634","1,864","2,317","2,930","4,084","5,370","8,084","5,976","7,185","10,410","12,293","12,582","12,196","11,718","11,053","11,434","13,038","13,696","14,960","16,318","17,766","19,435","21,258"
Montenegro,,,,,,,,,,,,,,,,,,,,,,,,,,,,,,,985,"1,160","1,285","1,708","2,076","2,261","2,698","3,674","4,541","4,152","4,147","4,543","4,090","4,466","4,595","4,022","4,376","4,854","5,402","5,443","5,740","6,052","6,413","6,781","7,166"
Montserrat,6,7,8,9,10,12,10,11,13,16,,,,,,,,,,,,,,,,,,,,,,,,,,,,,,,,,,,,,,,,,,,,,
Morocco,"4,421","4,731","5,681","6,973","8,576","10,039","10,710","12,347","14,790","17,779","21,998","17,860","18,028","16,296","14,904","15,043","19,864","21,911","25,947","26,706","30,180","32,286","33,712","31,656","35,605","39,029","43,162","39,147","41,806","41,632","38,859","39,460","42,238","52,064","59,626","62,343","68,641","79,041","92,507","92,897","93,217","101,371","98,266","106,826","109,881","100,593","103,607","109,824","118,309","121,350","129,056","137,248","146,209","155,821","166,242"
Mozambique,"3,047","3,392","3,797","4,472","4,676","4,841","4,409","4,463","4,663","4,903","5,401","4,195","4,285","3,838","3,998","5,285","6,203","2,803","2,463","2,574","4,130","3,217","2,177","2,265","2,458","2,524","3,468","4,110","4,718","5,167","4,667","4,567","4,977","5,549","6,749","7,595","8,304","9,466","11,555","11,243","10,457","13,131","15,178","16,013","16,872","14,807","11,272","12,586","14,428","15,372","16,294","17,318","18,435","20,645","23,550"
Myanmar,"2,692","2,757","2,568","3,340","3,981","3,680","4,089","4,191","4,678","5,365",,,,,,,,,,,,,,,,,,,"7,441","9,777","10,259","7,462","7,808","12,058","12,173","13,809","16,707","23,250","34,490","37,998","49,541","59,977","59,731","60,133","65,575","59,539","63,251","66,721","68,559","65,665","71,403","78,124","85,857","94,227","103,559"
Namibia,633,707,708,898,"1,096","1,169","1,123","1,248","1,438","1,777",,,,,,,,,,,"2,838","2,854","3,014","2,891","3,254","3,503","3,494","3,636","3,215","3,384","3,911","3,550","3,369","4,932","6,617","7,258","7,984","8,730","8,496","8,915","11,281","12,423","13,016","12,720","12,864","11,497","10,945","13,249","13,824","13,961","14,627","15,453","16,369","17,311","18,338"
Nauru,18,19,22,27,32,29,29,28,31,33,,,,,,,,,,,,,,,,,,,,,,,,,31,31,28,20,39,44,49,73,104,109,117,100,102,114,117,114,117,121,124,128,133
Nepal,"1,041","1,061","1,231","1,144","1,458","1,617","1,494","1,484","1,749","1,987","1,980","2,315","2,340","2,560","2,708","2,812","3,060","3,175","3,743","3,784","3,894","4,261","3,872","4,158","4,344","4,716","4,861","5,284","5,253","5,404","5,731","5,891","5,976","6,328","7,274","8,180","9,044","10,325","12,545","12,855","16,002","19,011","18,852","19,270","19,995","21,314","21,132","24,880","28,812","28,922","33,035","36,067","39,234","42,825","46,664"
Netherlands,"35,353","41,294","50,675","66,943","79,169","93,227","101,716","118,821","145,331","166,432","189,524","158,867","153,892","149,824","139,468","141,524","197,217","241,531","258,309","254,538","314,016","323,511","358,001","348,101","373,918","446,932","445,845","412,717","433,086","442,555","414,018","426,940","467,016","572,958","651,416","679,695","727,287","840,583","940,665","860,108","837,949","894,576","829,406","866,951","881,033","758,381","777,548","832,239","912,899","914,003","954,931","992,120","1,032,965","1,073,526","1,119,684"
Netherlands Antilles,224,244,278,313,394,468,524,591,719,852,,,,,,,,,,,,,,,,,,,,,,,,,,,,,,,,,,,,,,,,,,,,,
New Caledonia,378,437,509,544,644,817,798,838,846,"1,047",,,,,,,,,,,,,,,,,,,,,,,,,,,,,,,,,,,,,,,,,,,,,
New Zealand,"6,507","7,799","9,418","12,489","14,121","13,656","13,874","15,132","18,315","21,051","22,520","23,439","23,205","22,453","22,347","22,516","27,399","36,930","45,439","44,062","45,774","43,579","41,596","44,799","52,873","62,212","69,065","68,887","56,781","58,847","54,138","53,105","62,047","82,470","101,582","113,204","109,764","134,947","135,525","121,733","145,309","167,128","175,062","186,810","199,028","173,347","185,380","200,317","203,404","210,475","224,943","239,452","254,202","268,564","283,895"
Nicaragua,882,939,"1,000","1,242","1,727","1,806","2,098","2,543","2,431","1,740","1,832","2,156","2,497","2,900","3,966","3,854","5,800","3,409","1,499","2,082",519,"3,678","3,894","3,726","3,861","4,140","4,308","4,390","4,635","4,856","5,109","5,335","5,224","5,322","5,793","6,321","6,786","7,458","8,491","8,379","8,741","9,756","10,439","10,875","11,790","12,693","13,230","13,814","13,258","12,612","12,459","12,470","12,565","12,709","13,094"
Niger,427,457,574,611,702,894,"1,058","1,250","1,692","2,215","2,509","2,171","2,018","1,803","1,461","1,440","1,904","2,233","2,280","2,180","2,480","2,328","2,345","2,221","1,563","1,756","1,880","1,733","1,981","1,916","1,671","1,815","2,073","2,645","2,901","3,375","3,650","4,290","5,429","5,411","5,729","6,415","6,946","7,670","8,258","7,175","7,531","8,136","9,226","9,724","10,628","11,519","13,051","14,270","15,451"
Nigeria,"11,567","14,026","16,829","21,140","32,688","39,763","48,441","54,157","60,593","74,798",,,,,,,,,,,"62,165","60,131","52,275","56,807","80,128","132,230","172,686","187,866","209,677","57,477","67,824","73,128","93,983","102,935","130,345","169,645","222,791","262,215","330,260","297,458","369,062","414,095","460,952","514,965","568,496","493,841","405,442","376,361","397,270","444,916","496,122","551,067","613,936","681,929","756,346"
Norway,"12,730","14,476","17,220","22,342","26,876","32,566","35,576","41,070","46,016","52,548","64,448","63,605","62,653","61,631","62,081","65,436","78,714","94,240","101,910","102,648","119,796","121,903","130,892","120,267","127,094","152,047","163,520","161,374","154,180","162,316","171,333","174,017","195,423","227,620","264,199","308,679","345,393","400,886","461,946","386,382","428,527","498,157","509,705","522,746","498,340","386,579","371,064","399,489","434,937","427,041","438,623","449,897","463,216","476,713","490,845"
Oman,268,315,384,506,"1,724","2,196","2,681","2,870","2,871","3,911","6,342","7,719","8,101","8,491","9,358","10,395","8,229","8,628","8,386","9,372","11,686","11,342","12,452","12,494","12,919","13,803","15,277","15,838","13,997","15,594","19,508","19,452","20,143","21,634","24,764","31,082","37,216","42,086","60,906","48,389","58,642","67,937","76,689","78,939","81,034","69,831","66,824","70,784","82,243","79,458","84,158","87,401","90,036","93,116","96,634"
Pakistan,"12,191","12,967","7,656","8,210","10,819","13,653","16,009","18,389","21,654","23,936","30,938","36,599","40,012","37,369","40,573","40,566","41,543","43,437","50,108","52,256","52,429","59,556","63,727","67,443","67,998","79,452","82,969","81,808","81,487","82,521","79,705","77,933","77,937","89,689","105,607","118,475","137,236","152,369","170,853","167,875","177,166","213,588","224,384","231,218","244,361","271,050","278,592","304,952","312,570","284,209","298,680","314,828","335,203","364,574","384,255"
Palau,9,10,11,12,13,15,16,17,19,21,,,,,,,,,,,,,,,,,,,,,149,160,164,160,175,193,195,196,198,187,184,200,215,229,249,284,308,290,297,310,324,337,351,365,380
Palestine,177,204,295,368,577,579,680,700,728,846,,,,,,,,,,,,,,,,,,,,,,,,,,,,,,,,,,,,,,,,,,,,,
Panama,"1,147","1,294","1,422","1,626","1,859","2,082","2,211","2,344","2,779","3,181","4,039","4,571","5,050","5,185","5,412","5,726","5,950","5,976","5,167","5,181","5,632","6,193","7,040","7,688","8,198","8,380","9,881","10,677","11,575","12,130","12,304","12,502","12,994","13,694","15,013","16,374","18,145","20,958","24,522","26,594","28,917","34,374","39,955","44,856","49,166","52,132","57,821","62,284","65,206","70,155","75,494","81,260","87,451","94,112","101,273"
Papua New Guinea,726,811,970,"1,467","1,661","1,536","1,652","1,819","2,211","2,543","4,158","4,081","3,871","3,865","3,570","3,306","3,597","3,953","5,494","5,329","4,840","5,693","6,578","7,477","8,217","7,273","7,740","7,398","5,655","5,160","5,258","4,610","4,580","5,584","6,276","7,312","8,306","9,439","11,549","11,550","14,205","17,953","21,268","21,144","21,823","21,195","22,568","20,334","21,319","21,453","22,114","22,901","23,753","24,598","25,551"
Paraguay,525,587,680,880,"1,178","1,336","1,501","1,849","2,262","3,020","4,095","5,220","5,470","6,069","4,931","4,214","5,032","4,216","5,584","4,046","4,904","6,984","7,158","7,249","7,871","9,062","9,788","9,965","9,025","8,393","8,856","8,496","7,196","7,691","9,624","10,738","13,430","17,856","24,577","22,347","27,239","33,716","33,283","38,585","40,277","36,164","36,054","39,009","41,604","42,352","45,376","48,416","51,542","54,762","57,896"
Peru,"5,861","6,539","7,248","8,667","10,928","13,346","12,729","11,475","9,851","12,583","20,186","24,394","24,254","18,859","19,439","16,820","25,236","41,673","32,971","40,692","28,320","33,988","35,376","34,329","43,792","52,139","54,090","56,911","54,600","49,378","51,005","51,613","54,451","59,045","66,710","74,970","87,887","102,187","121,591","121,019","148,014","168,772","189,024","197,866","203,021","192,391","195,432","214,128","225,203","232,080","244,163","257,585","272,483","288,342","304,997"
Philippines,"7,413","8,209","8,883","11,172","15,269","16,502","18,944","21,770","25,158","30,471","36,045","39,595","41,254","36,891","34,857","33,995","33,174","36,871","42,082","47,291","49,095","50,320","58,695","60,237","71,003","82,121","91,792","91,234","72,207","82,995","81,023","76,262","81,358","83,908","91,371","103,074","122,211","149,360","173,603","168,485","199,591","224,143","250,092","271,836","284,829","292,774","304,906","313,595","330,846","356,682","389,048","424,064","466,133","512,619","563,823"
Poland,"27,665","30,630","33,866","40,088","44,981","47,893","53,394","59,219","67,066","75,076","56,619","53,647","65,187","75,406","75,507","70,775","73,677","63,714","68,612","66,895","62,084","80,451","88,713","90,366","103,683","139,089","156,684","157,183","172,050","167,799","171,276","190,430","198,679","217,514","253,709","304,430","343,272","429,172","530,170","436,817","479,161","528,567","500,836","524,382","545,053","477,328","471,216","526,594","586,015","593,295","643,274","695,187","753,265","816,269","883,871"
Portugal,"8,000","9,081","11,086","14,892","17,274","19,096","20,064","21,151","23,179","26,265","32,611","32,480","30,681","28,270","25,954","27,233","37,873","47,391","55,440","59,812","79,447","89,913","108,130","95,149","99,702","118,223","122,659","117,248","124,168","127,633","118,706","121,650","134,704","165,280","189,444","197,642","208,750","240,502","263,249","244,364","238,748","245,120","216,488","226,144","229,995","199,182","205,269","219,748","238,510","239,473","249,912","259,228","269,165","278,694","289,270"
Puerto Rico,"5,647","6,329","7,002","7,685","8,198","8,969","9,911","11,165","12,750","14,436","14,436","15,956","16,764","17,277","19,163","20,289","21,969","23,878","26,178","28,267","30,604","32,287","34,630","36,923","39,691","42,647","45,341","48,187","54,086","57,841","61,702","69,669","72,546","75,834","80,322","83,915","87,276","89,524","93,639","96,386","98,381","100,352","101,565","102,450","102,089","102,906","105,035","104,219","104,344","103,506","104,117","104,624","105,158","105,801","106,490"
Qatar,539,714,"1,030","1,503","1,935","2,470","3,206","3,509","3,932","5,633","7,829","8,661","7,597","6,468","6,704","6,272","4,950","5,216","5,004","5,288","7,360","6,884","7,646","7,157","7,374","8,138","9,059","11,298","10,255","12,393","17,760","17,538","19,364","23,534","31,734","44,530","60,882","79,712","115,270","97,798","125,122","167,775","186,834","198,728","206,225","164,641","152,469","166,929","192,450","193,502","204,008","213,090","223,404","234,097","248,166"
Romania,"12,712","15,081","17,399","20,272","21,233","22,874","25,709","27,790","32,761","35,353","46,348","55,674","55,729","48,711","39,361","48,595","52,625","58,852","60,925","54,583","38,762","29,256","19,906","26,795","30,571","36,067","35,921","35,872","42,815","36,183","37,466","40,717","46,174","59,868","76,217","99,699","123,534","171,679","209,664","168,036","167,986","186,113","171,662","191,560","199,543","177,524","187,807","211,407","239,851","244,158","263,133","281,732","300,875","320,611","342,420"
Russia,,,,,,,,,,,,,,,,,,,,,,,"91,941","197,428","297,487","336,820","420,966","435,112","291,230","210,492","279,033","329,407","371,213","462,332","634,999","820,568","1,063,640","1,396,475","1,784,514","1,313,681","1,638,463","2,031,768","2,170,145","2,230,624","2,063,663","1,365,865","1,283,286","1,578,417","1,630,659","1,610,381","1,667,459","1,724,617","1,783,008","1,845,882","1,920,937"
Rwanda,241,289,326,404,530,639,712,834,"1,012","1,239","1,259","1,429","1,525","1,629","1,560","1,853","2,100","2,331","2,495","2,605","2,491","1,837","1,950","1,881","1,195","1,239","1,343","1,808","1,931","1,797","1,718","1,676","1,668","1,835","2,091","2,584","3,151","3,826","4,863","5,380","5,774","6,492","7,316","7,623","8,010","8,277","8,475","9,141","9,511","10,211","11,062","12,029","13,157","14,422","15,809"
Saint Kitts and Nevis,21,25,30,31,41,43,37,38,43,50,58,69,79,78,91,101,119,136,161,179,203,201,223,243,272,293,312,351,366,389,420,461,483,465,503,543,636,674,739,723,705,753,734,788,848,876,900,992,"1,019","1,058","1,118","1,177","1,234","1,293","1,354"
Saint Lucia,30,35,40,45,61,71,73,81,95,115,144,165,155,167,213,241,290,320,367,416,484,514,567,575,600,640,662,677,738,776,784,744,748,824,893,951,"1,063","1,151","1,187","1,181","1,242","1,281","1,299","1,318","1,386","1,431","1,643","1,810","1,874","1,971","2,069","2,156","2,233","2,312","2,393"
Saint Vincent and the Grenadines,21,23,32,35,38,38,37,43,54,63,82,102,114,122,135,146,161,176,201,215,240,255,278,286,289,316,331,348,374,391,396,430,462,482,522,551,611,678,695,675,681,676,693,721,728,738,775,785,826,864,903,942,983,"1,026","1,071"
Samoa,40,48,56,74,83,83,76,87,96,109,124,116,119,110,108,103,109,121,135,138,177,172,188,193,154,236,251,273,279,255,264,266,282,333,408,474,503,554,667,586,639,739,801,805,804,804,786,840,881,902,960,996,"1,037","1,080","1,124"
San Marino,78,85,99,120,136,156,154,176,215,269,,,,,,,,,,,,,,,,,,,,,,,,,"1,880","1,962","2,095","2,491","2,765","2,369","2,143","2,056","1,802","1,866","1,848","1,571","1,565","1,528","1,638","1,620","1,672","1,717","1,763","1,806","1,855"
São Tomé and Príncipe,38,38,42,56,58,61,52,50,55,66,69,84,81,76,79,83,117,118,100,99,120,108,96,127,132,104,34,46,54,56,58,72,81,98,108,130,140,148,188,188,197,233,253,303,348,318,351,393,449,477,527,631,687,744,782
Saudi Arabia,"5,377","7,185","9,664","14,947","45,413","46,773","64,006","74,189","80,267","111,858","164,540","184,291","153,240","129,181","119,631","103,894","86,886","85,582","88,138","95,217","117,473","132,047","136,905","132,791","134,995","143,152","158,451","165,742","146,775","161,717","189,515","184,137","189,606","215,808","258,742","328,206","376,398","415,687","519,797","429,098","526,811","671,239","735,975","746,647","756,350","654,270","644,935","688,586","782,483","762,259","790,062","817,447","847,555","881,987","919,687"
Senegal,952,984,"1,190","1,368","1,543","2,078","2,107","2,157","2,403","2,998","4,435","4,022","3,937","3,512","3,425","3,750","5,304","6,381","6,311","6,220","7,237","7,111","7,602","7,189","4,908","6,177","6,413","5,915","6,404","6,521","5,965","6,179","6,773","8,698","10,178","11,041","11,858","14,307","17,029","16,290","16,245","17,895","17,835","18,966","19,802","17,777","18,982","21,135","24,027","25,320","28,062","30,601","35,053","39,259","42,373"
Serbia,,,,,,,,,,,,,,,,,,,,,,,,,,,,,,,"9,312","12,313","16,177","21,219","24,743","26,075","30,721","40,499","49,165","42,611","39,035","46,488","40,734","45,520","44,211","37,160","38,300","44,120","50,651","52,424","56,886","61,336","66,227","71,242","76,813"
Seychelles,23,27,38,46,53,59,61,80,106,157,147,154,148,147,151,169,208,249,284,305,369,374,434,474,486,508,503,563,608,623,615,622,698,706,839,919,"1,016","1,034",967,847,970,"1,018","1,060","1,315","1,349","1,359","1,429","1,498","1,573","1,654","1,739","1,840","1,934","2,037","2,139"
Sierra Leone,451,480,529,604,695,743,690,787,"1,015","1,170","1,701","1,823","2,050","1,782","2,062","1,755","1,314","1,145","1,877","1,724",948,"1,138",992,"1,122","1,331","1,273","1,374","1,240",981,977,941,"1,084","1,250","1,380","1,439","1,649","1,884","2,159","2,511","2,454","2,578","2,942","3,802","4,916","5,007","4,543","3,785","3,748","3,906","3,998","4,221","4,442","4,723","5,051","5,400"
Singapore,"1,919","2,270","2,950","4,228","5,261","5,787","6,066","6,694","8,048","9,702","12,079","14,383","15,887","17,998","19,552","18,557","18,763","21,611","26,515","31,393","38,900","45,472","52,130","60,642","73,776","87,888","96,403","100,168","85,715","86,287","95,837","89,288","91,942","97,003","114,184","127,420","147,795","179,981","192,231","192,406","236,420","275,605","289,168","302,511","308,155","296,835","296,966","336,679","361,109","372,807","391,875","410,863","431,771","453,867","477,193"
Sint Maarten,,,,,,,,,,,,,,,,,,,,,,,,,,,,,,,,,,,,,,,,,,,,,,,,,,,,,,,
Slovakia,,,,,,,,,,,,,,,,,,,,,,,,"13,669","15,772","19,951","21,579","21,891","22,804","20,841","20,691","21,386","24,854","34,023","43,121","49,048","57,402","77,105","97,030","89,171","89,668","98,270","93,466","98,509","100,919","87,312","89,806","95,938","106,585","109,863","117,399","124,755","132,321","139,735","147,101"
Slovenia,,,,,,,,,,,,,,,,,,,,,,,"19,200","16,564","16,783","21,304","21,493","20,978","22,147","22,746","20,446","20,900","23,603","29,738","34,504","36,401","39,621","48,167","55,853","50,372","48,103","51,338","46,284","47,704","49,609","42,798","44,727","48,553","54,242","55,088","58,213","61,200","64,196","67,118","70,293"
Solomon Islands,32,35,38,51,73,65,72,82,98,130,177,188,187,176,176,160,143,150,171,167,208,220,261,291,369,429,473,495,423,448,381,380,324,314,363,429,471,516,608,598,672,887,"1,025","1,111","1,154","1,130","1,235","1,298","1,424","1,511","1,607","1,718","1,833","1,970","2,109"
Somalia,341,347,448,484,573,757,871,441,500,514,,,,,,,,,,,,,,,,,,,,,,,,,,,,,,,,,,,,,"6,887","7,382","7,480","7,903","8,341","8,803","9,297","9,819","10,370"
South Africa,"17,907","19,765","20,753","28,445","35,729","36,948","35,475","39,400","45,328","55,937","82,981","85,462","78,416","87,418","77,315","59,103","67,562","88,571","95,207","99,044","115,533","123,964","134,557","134,345","139,804","155,461","147,701","152,611","137,686","136,550","136,453","121,602","115,748","175,254","228,931","257,667","271,812","299,033","287,095","297,221","375,304","416,879","396,346","367,772","351,571","314,732","295,678","349,433","368,135","371,298","386,727","403,422","421,287","439,083","458,578"
South Sudan,,,,,,,,,,,,,,,,,,,,,,,,,,,,,,,,,,,,,,,,,,"17,186","11,267","14,940","15,100","12,485","3,056","2,949","3,929","3,151","2,796","2,946","4,056","4,048","4,161"
Soviet Union,"433,412","455,576","515,797","617,777","616,593","685,972","688,530","738,417","840,139","901,616",,,,,,,,,,,,,,,,,,,,,,,,,,,,,,,,,,,,,,,,,,,,,
Spain,"39,801","45,263","57,417","76,365","94,447","111,435","115,065","128,590","155,939","208,351","230,189","204,082","197,154","172,429","171,955","181,172","250,683","317,602","373,143","411,571","533,945","575,184","628,611","528,008","529,824","612,413","638,500","587,967","616,957","634,384","597,149","626,514","707,642","908,588","1,071,007","1,159,257","1,265,661","1,481,393","1,642,738","1,502,876","1,434,257","1,489,381","1,336,685","1,362,202","1,378,042","1,193,556","1,237,766","1,316,951","1,425,865","1,429,140","1,497,082","1,559,902","1,627,103","1,693,073","1,766,427"
Sri Lanka,"2,460","2,518","2,812","3,060","3,809","3,941","3,749","4,242","2,907","3,550","5,024","5,228","5,644","6,093","7,142","7,064","7,571","7,884","8,240","8,271","9,468","10,367","11,176","11,948","13,781","14,635","16,051","17,888","18,430","18,532","19,371","18,610","19,585","21,621","23,655","27,945","32,359","37,043","46,602","48,113","56,710","65,267","68,419","74,464","80,007","81,247","80,978","87,351","88,223","84,164","89,942","96,284","103,159","110,373","118,014"
Sudan,"1,234","1,339","1,659","2,134","2,600","3,242","4,043","4,751","5,112","5,646","9,902","7,109","5,169","7,060","8,701","6,039","8,056","13,025","10,398","18,347","2,444","2,752","3,375","5,712","6,490","7,288","9,120","11,742","11,308","10,676","13,134","15,716","18,137","21,355","26,646","35,183","45,264","59,440","64,833","59,840","74,540","75,410","67,694","56,085","62,319","64,059","57,649","45,677","33,903","31,468","31,113","30,928","31,220","31,574","32,069"
Suriname,356,389,424,465,562,638,693,879,"1,008","1,072","1,192","1,333","1,372","1,325","1,296","1,309","1,336","1,469","1,741","2,034",539,594,551,434,488,927,"1,153","1,235","1,483","1,222","1,266","1,090","1,376","1,615","1,868","2,235","2,626","2,936","3,533","3,876","4,368","4,422","4,980","5,146","5,241","4,879","3,278","3,069","3,427","3,683","3,919","4,226","4,408","4,646","4,891"
Swaziland,123,157,161,220,268,329,309,346,387,469,,,,,,,,,,,,,,,,,,,,,,,,,,,,,,,,,,,,,,,,,,,,,
Sweden,"35,404","38,633","45,499","55,213","61,354","77,036","83,056","87,801","97,072","114,679","138,184","126,151","111,393","102,366","106,633","111,569","147,316","179,090","202,623","213,079","255,950","268,677","279,568","209,982","226,113","264,089","288,134","264,510","266,829","270,735","259,839","239,957","263,940","331,109","381,743","389,043","420,017","487,818","513,966","429,656","488,378","563,110","543,881","578,742","573,818","495,694","514,460","535,607","551,135","547,123","576,720","605,789","643,145","682,207","725,108"
Switzerland,"22,953","27,583","33,831","45,496","52,433","60,111","62,874","67,152","93,912","105,563","118,714","108,674","111,313","110,993","106,025","107,580","154,151","192,949","208,800","201,666","257,544","260,542","271,053","263,445","291,883","341,958","329,762","286,673","294,750","289,600","271,852","278,821","301,321","352,356","393,038","407,592","429,477","477,784","552,287","540,966","503,000","465,000","452,000","551,000","561,000","575,000","640,765","676,000","700,000","742,000","740,702","771,958","808,540","845,384","884,272"
Syria,"1,756","2,063","2,381","2,550","4,090","5,311","6,388","6,991","8,384","10,077","12,980","16,652","17,415","18,649","19,171","21,177","25,428","32,497","16,538","9,849","12,303","12,738","13,263","13,796","15,105","16,556","17,761","16,573","16,144","16,785","19,861","20,979","22,758","21,702","25,204","28,881","33,824","40,488","52,631","53,939","60,043",,,,,,,,,,,,,,
Tajikistan,,,,,,,,,,,,,,,,,,,,,,,291,678,829,569,"1,052","1,121","1,320","1,087",991,"1,057","1,212","1,555","2,073","2,311","2,811","3,712","5,135","4,977","5,642","6,523","7,592","8,506","9,242","7,857","6,953","7,144","7,520","7,698","7,838","8,144","8,489","8,822","9,150"
Tanzania,"1,906","2,039","2,321","2,770","3,326","3,829","4,147","4,955","5,934","6,282","7,412","8,865","10,178","10,425","9,485","8,558","10,820","5,331","5,124","4,343","3,430","4,031","3,700","3,412","3,627","4,251","5,311","6,415","9,454","11,624","12,423","12,743","13,216","14,178","15,547","16,930","18,610","21,502","27,368","28,574","31,086","33,583","39,088","44,414","48,256","45,634","47,653","53,271","57,862","61,032","64,888","69,029","73,758","78,811","84,226"
Thailand,"7,374","7,676","8,509","11,280","14,261","15,489","17,677","20,585","24,984","28,483","33,422","35,999","37,799","41,366","43,179","40,185","44,520","52,204","63,704","74,637","88,467","101,247","115,576","128,890","146,684","169,279","183,035","150,180","113,676","126,669","126,392","120,297","134,301","152,281","172,895","189,318","221,759","262,943","291,383","281,710","341,105","370,818","397,560","420,529","406,521","399,205","411,847","455,322","487,239","516,662","547,431","577,886","610,266","645,287","679,117"
Timor Leste,,,,,,,,,,,,,,,,,,,,,,,,,,,,,,,,,,,,,,,,,,,,,,,,,,,,,,,
Togo,265,298,347,406,543,599,570,687,851,"1,016","1,046",869,732,703,620,676,"1,061","1,249","1,514","1,486","1,789","1,768","1,854","1,413","1,095","1,446","1,581","1,610","1,524","1,529","1,299","1,334","1,481","1,677","1,940","2,117","2,221","2,527","3,174","3,171","3,179","3,759","3,918","4,322","4,612","4,165","4,460","4,795","5,358","5,592","6,132","6,696","7,317","7,977","8,716"
Tonga,17,19,23,34,46,43,39,45,54,58,74,82,81,80,84,79,94,101,119,144,148,177,184,190,196,211,229,227,219,200,191,182,192,215,245,278,297,324,333,343,395,447,461,446,439,414,413,455,470,493,512,531,551,569,585
Trinidad and Tobago,822,897,"1,084","1,309","2,042","2,443","2,501","3,139","3,563","4,603","6,236","6,992","8,140","7,764","7,757","7,376","4,794","4,798","4,497","4,323","5,068","5,308","5,440","4,669","4,947","5,329","5,760","5,738","6,044","6,808","8,154","8,825","9,008","11,305","13,280","15,982","18,369","21,642","27,870","19,175","22,158","25,433","25,694","26,436","26,176","23,559","22,296","22,053","22,311","22,438","23,235","24,290","25,409","26,605","27,916"
Tunisia,"1,588","1,859","2,468","3,012","3,912","4,775","4,973","5,637","6,584","7,930","9,566","9,223","8,900","9,202","9,055","9,246","9,911","10,663","11,073","11,069","13,474","14,202","16,978","15,944","17,052","19,654","21,283","20,747","21,803","22,943","21,473","22,066","23,142","27,454","31,184","32,272","34,377","38,910","44,840","43,624","44,054","45,810","45,044","46,253","47,605","43,156","42,074","39,956","39,911","36,204","35,150","36,526","39,352","42,638","46,175"
Turkey,"24,444","23,057","28,975","36,385","50,191","62,735","71,763","81,839","90,347","123,319","96,526","97,794","88,854","84,906","82,583","92,760","102,901","118,687","124,835","147,553","207,115","208,389","218,928","248,304","179,202","233,293","250,268","261,800","276,016","256,481","273,085","200,305","238,342","311,944","404,855","501,165","550,798","675,008","764,639","644,467","772,294","832,497","873,696","950,328","934,072","859,449","863,390","851,521","766,428","706,237","809,555","929,823","987,577","1,044,124","1,105,624"
Turkmenistan,,,,,,,,,,,,,,,,,,,,,,,951,"5,363","4,542","5,874","2,379","2,681","2,862","3,857","5,022","6,933","8,700","11,424","14,196","17,174","21,393","25,962","21,516","20,214","22,583","29,233","35,164","39,198","43,524","36,047","36,180","37,926","44,114","50,346","57,059","63,819","70,337","77,661","85,807"
Turks and Caicos Islands,10,11,12,14,16,18,20,23,25,29,,,,,,,,,,,,,,,,,,,,,,,,,,,,,,,,,,,,,,,,,,,,,
Tuvalu,3,3,3,4,4,4,4,4,4,4,,,,,,,,,,,,,,,,,,,,,14,13,16,18,22,22,23,27,31,28,32,39,40,38,37,33,37,40,45,49,53,57,62,66,69
Uganda,"1,316","1,456","1,582","1,851","2,242","2,524","2,668","2,876","2,955","2,801","5,769","9,341","6,481","7,413","5,703","5,219","5,199","8,384","8,685","7,041","5,743","3,004","2,809","3,323","4,809","5,760","5,944","6,480","6,343","6,029","5,978","6,039","6,494","6,724","8,285","9,603","10,851","13,497","17,279","18,579","20,212","21,108","24,790","26,135","28,522","25,112","25,307","26,456","28,122","30,368","33,620","36,719","40,643","43,403","47,891"
Ukraine,,,,,,,,,,,,,,,,,,,,,,,"22,193","35,025","38,012","38,275","46,083","51,867","43,315","32,661","32,331","39,309","43,956","52,010","67,226","89,282","111,885","148,734","188,240","121,552","136,011","163,161","175,707","179,572","132,343","90,939","93,263","112,125","124,603","134,887","147,170","160,587","174,930","190,331","206,733"
United Arab Emirates,"1,053","1,443","2,173","4,213","11,617","14,721","19,213","24,872","23,776","31,226","40,415","45,002","41,848","38,345","38,012","37,310","29,568","32,466","32,999","38,090","49,090","49,821","52,208","53,438","57,450","63,637","70,991","76,171","73,394","82,865","103,893","103,312","109,816","124,346","147,824","180,617","222,117","257,916","315,475","253,547","286,187","348,528","373,432","388,598","401,958","357,949","348,743","382,575","424,635","427,876","449,130","469,501","490,903","513,767","538,372"
United Kingdom,"124,970","141,314","162,369","183,201","197,882","236,514","227,217","256,596","325,244","422,476","604,678","587,772","558,717","532,564","504,481","536,810","654,761","812,013","988,304","1,005,574","1,182,997","1,235,086","1,273,729","1,139,199","1,220,824","1,320,618","1,394,478","1,537,558","1,623,794","1,652,539","1,638,702","1,613,588","1,760,454","2,030,626","2,390,268","2,511,165","2,682,213","3,064,351","2,898,941","2,377,160","2,431,169","2,611,108","2,655,458","2,721,489","3,002,394","2,863,304","2,660,687","2,639,974","2,828,644","2,829,163","2,927,083","3,027,128","3,142,339","3,265,559","3,399,017"
United States,"1,024,800","1,113,100","1,225,000","1,369,300","1,485,900","1,623,400","1,809,100","2,013,600","2,276,000","2,543,500","2,862,475","3,210,950","3,345,000","3,638,125","4,040,700","4,346,750","4,590,125","4,870,225","5,252,625","5,657,700","5,979,575","6,174,050","6,539,300","6,878,700","7,308,775","7,664,050","8,100,175","8,608,525","9,089,150","9,660,625","10,284,750","10,621,825","10,977,525","11,510,675","12,274,925","13,093,700","13,855,900","14,477,625","14,718,575","14,418,725","14,964,400","15,517,925","16,155,250","16,691,500","17,393,100","18,120,700","18,624,450","19,485,400","20,494,050","21,344,667","22,198,116","23,059,653","23,922,822","24,812,956","25,728,734"
Uruguay,"2,538","3,049","2,450","3,129","4,334","3,825","4,007","4,488","5,377","7,698","11,199","12,499","10,218","5,609","5,334","5,212","6,470","8,095","8,375","8,827","10,270","12,376","14,223","16,568","19,299","21,312","22,657","23,974","25,394","23,995","22,832","20,907","13,632","12,067","13,708","17,398","19,620","23,461","30,366","31,661","40,285","47,962","51,266","57,531","57,236","53,107","52,420","59,180","60,180","60,231","63,421","66,977","70,693","74,693","78,747"
Uzbekistan,,,,,,,,,,,,,,,,,,,,,,,"3,571","5,502","6,521","10,168","13,922","14,705","14,948","17,041","13,717","11,632","9,657","10,129","12,001","14,310","17,027","22,307","28,605","33,461","38,963","45,418","51,185","57,170","63,179","65,403","66,693","48,826","41,241","49,199","55,482","62,100","69,265","77,726","87,105"
Vanuatu,38,41,55,67,67,81,78,82,100,132,121,114,114,117,144,132,128,139,158,154,169,201,209,200,234,249,261,273,262,268,272,258,263,314,365,395,439,526,608,610,701,792,782,802,815,738,798,870,928,942,994,"1,048","1,105","1,165","1,228"
Venezuela,"13,830","15,190","16,730","19,926","30,530","32,125","36,751","42,355","45,987","56,508","69,841","78,367","79,998","79,672","57,826","59,865","60,877","46,854","60,378","44,672","48,391","53,382","60,400","59,865","58,357","77,427","70,536","85,667","91,905","97,239","117,676","123,156","95,570","83,670","112,189","143,290","177,531","221,817","289,741","237,294","294,282","334,069","331,457","228,017","215,296","260,089","236,116","143,841","98,468","76,458","70,106","63,565","59,333","55,946","56,149"
Vietnam,"2,775","3,024","3,237","3,350","3,605","3,896","4,541","5,413","6,532","7,140","27,847","13,875","18,405","27,726","48,177","14,999","33,873","42,045","23,234","6,293","6,472","7,642","9,867","13,181","16,312","20,798","24,692","26,892","27,234","28,702","31,176","32,524","35,097","39,563","49,520","57,648","66,393","77,520","98,269","101,634","112,771","134,576","155,483","170,444","185,759","191,288","201,309","220,376","241,272","260,301","282,372","306,008","332,281","361,230","392,844"
Yemen,,,,,,,,,,,,,,,,,,,,,"12,644","14,665","17,959","21,737","28,019","12,796","6,496","6,838","6,322","7,639","9,679","9,853","10,693","11,778","13,868","16,732","19,063","21,651","26,911","25,130","30,907","32,726","35,401","40,415","43,229","37,734","20,901","26,819","26,914","29,079","31,385","33,362","35,360","37,491","38,961"
North Yemen,398,471,687,624,759,927,"1,021","1,178","1,305","1,444",,,,,,,,,,,,,,,,,,,,,,,,,,,,,,,,,,,,,,,,,,,,,
South Yemen,154,142,159,130,138,141,183,226,272,293,,,,,,,,,,,,,,,,,,,,,,,,,,,,,,,,,,,,,,,,,,,,,
Yugoslavia,"14,554","15,802","16,485","21,472","29,706","33,279","37,563","45,673","54,338","68,198",,,,,,,,,,,,,,,,,,,,,,,,,,,,,,,,,,,,,,,,,,,,,
Zambia,"1,544","1,574","1,852","2,350","2,895","2,658","2,814","2,767","3,098","3,827","4,246","4,385","4,232","3,653","3,003","2,848","1,962","2,431","4,095","4,365","4,085","3,690","3,614","3,549","3,657","3,799","3,599","4,303","3,538","3,405","3,601","4,094","4,194","4,902","6,221","8,332","12,757","14,057","17,911","15,328","20,265","23,460","25,504","28,046","27,151","21,243","20,941","25,868","25,179","24,615","25,272","26,345","27,614","29,063","30,629"
Zanzibar,,,,,,,,,,,,,,,,,,,,,,,,,,,,,,,,,,,,,,,,,,,,,,,,,,,,,,,
Zimbabwe,"2,023","2,339","2,888","3,552","4,274","4,692","4,637","4,683","4,686","5,559",,,,,,,,,,,"8,780","8,180","6,746","6,552","6,889","7,152","8,758","8,990","10,572","10,275","9,896","9,743","9,294","8,196","8,135","7,753","7,180","6,946","5,949","8,157","9,445","10,956","12,472","13,490","14,197","14,171","16,117","21,890","26,127","22,290","25,812","28,090","30,484","32,944","35,605"
Cape Verde,,,,,,,,,,,157,154,155,152,145,152,210,260,292,295,339,353,395,398,448,536,553,540,575,652,589,616,679,891,"1,023","1,090","1,237","1,514","1,789","1,712",,,,,,,,,,,"2,208","2,378","2,564","2,759","2,976"
Republic of the Congo,,,,,,,,,,,"2,083","1,708","1,489","1,354","1,245","1,276","1,746","2,121","2,257","2,384","2,799","2,725","2,933","2,684","1,769","2,116","2,540","2,323","1,949","2,357","3,220","2,794","3,020","3,503","4,655","6,098","7,738","7,446","10,224","9,363","12,304","14,811","13,664","14,026","14,099","8,554","7,787","8,992","11,188","11,162","11,367","11,486","11,245","11,303","11,666"
Ivory Coast,,,,,,,,,,,"10,051","8,367","7,506","6,768","6,736","6,907","9,186","10,097","10,214","9,767","10,822","10,530","11,178","11,056","8,329","11,007","12,139","11,735","12,627","12,393","10,748","11,202","12,390","15,336","16,576","17,115","17,817","20,373","24,339","24,341","24,931","25,693","26,797","31,281","35,373","32,764","36,375","38,130","43,032","45,252","49,882","54,527","59,517","64,388","69,661"
South Korea,,,,,,,,,,,"65,222","72,426","77,768","87,027","96,596","100,288","115,537","146,132","196,972","243,508","279,215","325,713","350,078","386,292","455,645","556,449","598,063","557,547","374,140","485,257","561,595","533,188","609,017","680,581","764,892","898,137","1,012,044","1,122,679","1,002,219","901,935","1,094,499","1,202,464","1,222,807","1,305,605","1,411,334","1,382,764","1,411,042","1,530,751","1,619,424","1,656,674","1,744,355","1,831,937","1,929,803","2,035,757","2,150,904"
North Macedonia,,,,,,,,,,,,,,,,,,,,,,,"2,443","2,687","3,561","4,687","4,642","3,928","3,764","3,867","3,774","3,709","3,991","4,946","5,684","6,257","6,860","8,337","9,912","9,400","9,415","10,659","9,751","10,824","11,378","10,054","10,759","11,307","12,669","12,884","13,700","14,526","15,441","16,389","17,459"
Federated States of Micronesia,,,,,,,,,,,,,,,,,,,,,,,,,,222,219,207,219,221,234,241,243,246,241,251,254,257,264,280,297,311,326,316,318,315,323,363,374,383,389,396,401,407,413
Eswatini,,,,,,,,,,,"1,142","1,144","1,092","1,184",998,714,770,"1,028","1,038","1,045","1,230","1,292","1,442","1,479","1,608","1,951","1,858","1,986","1,833","1,810","1,797","1,602","1,476","2,266","2,859","3,245","3,351","3,526","3,356","3,648","4,498","4,878","4,755","4,420","4,301","3,929","3,848","5,813","6,721","7,718","4,812","4,978","5,209","5,458","5,720"
Taiwan,,,,,,,,,,,"42,296","48,986","49,545","54,162","61,088","63,641","78,234","105,040","126,461","152,727","166,845","187,351","223,123","235,166","256,438","279,270","292,681","303,706","280,407","304,174","331,407","300,223","308,883","318,364","348,407","375,787","388,547","408,221","417,038","392,106","446,141","485,671","495,919","511,599","530,515","525,236","530,608","574,895","589,391","601,431","633,695","670,644","713,242","757,123","803,853"
Timor-Leste,,,,,,,,,,,,,,,,,,,,,,,,,,,,,,,444,494,483,503,"1,102","1,846","2,819","2,903","4,487","3,391","4,267","5,973","6,809","5,641","4,175","2,874","2,521","2,778","3,090","3,145","3,413","3,333","3,166","3,498","3,886"
